seed,phases_seen,transitions_seen,hazard_during_reconfig,back_to_back_reconfig_requests,reconfig_then_branch,reconfig_then_load_use,return_code,assertion_failures,log
1,00000011,00000002,0,5,0,0,0,0,/workspace/results/safety/fuzz_seed_1.log
2,00000009,00000008,0,5,0,0,0,0,/workspace/results/safety/fuzz_seed_2.log
3,00000001,00000000,0,0,0,0,0,0,/workspace/results/safety/fuzz_seed_3.log
4,00000019,00010008,0,10,0,0,0,0,/workspace/results/safety/fuzz_seed_4.log
5,00000019,00000102,0,10,0,0,0,0,/workspace/results/safety/fuzz_seed_5.log
6,00000015,00000004,1,7,0,0,0,0,/workspace/results/safety/fuzz_seed_6.log
7,00000019,00000102,0,10,1,0,0,0,/workspace/results/safety/fuzz_seed_7.log
8,00000001,00000000,0,0,0,0,0,0,/workspace/results/safety/fuzz_seed_8.log
9,00000001,00000000,0,0,0,0,0,0,/workspace/results/safety/fuzz_seed_9.log
10,00000011,00000002,0,5,0,0,0,0,/workspace/results/safety/fuzz_seed_10.log
11,00000011,00000002,0,5,0,0,0,0,/workspace/results/safety/fuzz_seed_11.log
12,00000001,00000000,0,0,0,0,0,0,/workspace/results/safety/fuzz_seed_12.log
13,0000000d,00002004,0,10,0,0,0,0,/workspace/results/safety/fuzz_seed_13.log
14,00000001,00000000,0,0,0,0,0,0,/workspace/results/safety/fuzz_seed_14.log
15,00000001,00000000,0,0,0,0,0,0,/workspace/results/safety/fuzz_seed_15.log
16,00000009,00000008,0,5,0,0,0,0,/workspace/results/safety/fuzz_seed_16.log
17,00000011,00000002,0,5,1,0,0,0,/workspace/results/safety/fuzz_seed_17.log
18,00000011,00000002,0,5,0,0,0,0,/workspace/results/safety/fuzz_seed_18.log
19,00000001,00000000,0,0,0,0,0,0,/workspace/results/safety/fuzz_seed_19.log
20,00000001,00000000,0,0,0,0,0,0,/workspace/results/safety/fuzz_seed_20.log
21,00000019,00010008,1,12,0,0,0,0,/workspace/results/safety/fuzz_seed_21.log
22,00000011,00000002,0,5,1,0,0,0,/workspace/results/safety/fuzz_seed_22.log
23,00000001,00000000,0,0,0,0,0,0,/workspace/results/safety/fuzz_seed_23.log
24,00000009,00000008,0,6,0,0,0,0,/workspace/results/safety/fuzz_seed_24.log
25,00000001,00000000,0,0,0,0,0,0,/workspace/results/safety/fuzz_seed_25.log
26,00000009,00000008,0,5,0,0,0,0,/workspace/results/safety/fuzz_seed_26.log
27,0000000d,00020008,0,11,0,0,0,0,/workspace/results/safety/fuzz_seed_27.log
28,00000011,00000002,0,5,0,0,0,0,/workspace/results/safety/fuzz_seed_28.log
29,00000011,00000002,0,6,0,0,0,0,/workspace/results/safety/fuzz_seed_29.log
30,00000001,00000000,0,0,0,0,0,0,/workspace/results/safety/fuzz_seed_30.log
31,00000001,00000000,0,0,0,0,0,0,/workspace/results/safety/fuzz_seed_31.log
32,00000001,00000000,0,0,0,0,0,0,/workspace/results/safety/fuzz_seed_32.log
33,00000011,00000002,0,5,0,0,0,0,/workspace/results/safety/fuzz_seed_33.log
34,00000019,00000102,0,6,0,0,0,0,/workspace/results/safety/fuzz_seed_34.log
35,00000019,00000008,0,5,0,0,0,0,/workspace/results/safety/fuzz_seed_35.log
36,00000001,00000000,0,0,0,0,0,0,/workspace/results/safety/fuzz_seed_36.log
37,00000001,00000000,0,0,0,0,0,0,/workspace/results/safety/fuzz_seed_37.log
38,00000001,00000000,0,0,0,0,0,0,/workspace/results/safety/fuzz_seed_38.log
39,00000001,00000000,0,0,0,0,0,0,/workspace/results/safety/fuzz_seed_39.log
40,00000011,00000002,0,5,0,0,0,0,/workspace/results/safety/fuzz_seed_40.log
41,00000011,00000002,0,5,0,0,0,0,/workspace/results/safety/fuzz_seed_41.log
42,00000001,00000000,0,0,0,0,0,0,/workspace/results/safety/fuzz_seed_42.log
43,00000005,00000004,0,6,0,0,0,0,/workspace/results/safety/fuzz_seed_43.log
44,00000019,00010008,0,10,0,0,0,0,/workspace/results/safety/fuzz_seed_44.log
45,00000009,00000008,0,5,0,0,0,0,/workspace/results/safety/fuzz_seed_45.log
46,00000015,00000004,3,9,0,0,0,0,/workspace/results/safety/fuzz_seed_46.log
47,00000001,00000000,0,0,0,0,0,0,/workspace/results/safety/fuzz_seed_47.log
48,00000001,00000000,0,0,0,0,0,0,/workspace/results/safety/fuzz_seed_48.log
49,00000001,00000000,0,0,0,0,0,0,/workspace/results/safety/fuzz_seed_49.log
50,00000001,00000000,0,0,0,0,0,0,/workspace/results/safety/fuzz_seed_50.log
51,00000001,00000000,0,0,0,0,0,0,/workspace/results/safety/fuzz_seed_51.log
52,00000011,00000002,2,7,0,0,0,0,/workspace/results/safety/fuzz_seed_52.log
53,00000019,00010008,0,9,0,0,0,0,/workspace/results/safety/fuzz_seed_53.log
54,00000019,00010008,0,10,0,0,0,0,/workspace/results/safety/fuzz_seed_54.log
55,00000019,00010102,2,18,0,0,0,0,/workspace/results/safety/fuzz_seed_55.log
56,00000009,00000008,0,5,0,0,0,0,/workspace/results/safety/fuzz_seed_56.log
57,00000001,00000000,0,0,0,0,0,0,/workspace/results/safety/fuzz_seed_57.log
58,00000019,00010008,2,12,0,0,0,0,/workspace/results/safety/fuzz_seed_58.log
59,00000009,00000008,0,6,0,0,0,0,/workspace/results/safety/fuzz_seed_59.log
60,00000001,00000000,0,0,0,0,0,0,/workspace/results/safety/fuzz_seed_60.log
61,00000001,00000000,0,0,0,0,0,0,/workspace/results/safety/fuzz_seed_61.log
62,00000019,00010102,0,15,0,0,0,0,/workspace/results/safety/fuzz_seed_62.log
63,00000011,00000002,0,5,0,0,0,0,/workspace/results/safety/fuzz_seed_63.log
64,00000011,00000002,0,6,0,0,0,0,/workspace/results/safety/fuzz_seed_64.log
65,00000001,00000000,0,0,0,0,0,0,/workspace/results/safety/fuzz_seed_65.log
66,00000001,00000000,0,0,0,0,0,0,/workspace/results/safety/fuzz_seed_66.log
67,00000001,00000000,0,0,0,0,0,0,/workspace/results/safety/fuzz_seed_67.log
68,00000011,00000002,0,5,0,0,0,0,/workspace/results/safety/fuzz_seed_68.log
69,00000015,00000082,0,10,1,0,0,0,/workspace/results/safety/fuzz_seed_69.log
70,00000011,00000002,0,3,0,0,0,0,/workspace/results/safety/fuzz_seed_70.log
71,00000001,00000000,0,0,0,0,0,0,/workspace/results/safety/fuzz_seed_71.log
72,00000011,00000002,0,6,0,0,0,0,/workspace/results/safety/fuzz_seed_72.log
73,00000001,00000000,0,0,0,0,0,0,/workspace/results/safety/fuzz_seed_73.log
74,00000011,00000002,0,5,0,0,0,0,/workspace/results/safety/fuzz_seed_74.log
75,00000019,00010008,2,8,0,0,0,0,/workspace/results/safety/fuzz_seed_75.log
76,00000005,00000004,0,5,0,0,0,0,/workspace/results/safety/fuzz_seed_76.log
77,00000011,00000002,0,6,0,0,0,0,/workspace/results/safety/fuzz_seed_77.log
78,00000001,00000000,0,0,0,0,0,0,/workspace/results/safety/fuzz_seed_78.log
79,00000001,00000000,0,0,0,0,0,0,/workspace/results/safety/fuzz_seed_79.log
80,00000019,00010008,0,5,0,0,0,0,/workspace/results/safety/fuzz_seed_80.log
81,00000019,00010008,0,6,0,0,0,0,/workspace/results/safety/fuzz_seed_81.log
82,00000011,00000002,0,5,0,0,0,0,/workspace/results/safety/fuzz_seed_82.log
83,00000001,00000000,0,0,0,0,0,0,/workspace/results/safety/fuzz_seed_83.log
84,00000001,00000000,0,0,0,0,0,0,/workspace/results/safety/fuzz_seed_84.log
85,0000001d,00020008,1,12,0,0,0,0,/workspace/results/safety/fuzz_seed_85.log
86,00000001,00000000,0,0,0,0,0,0,/workspace/results/safety/fuzz_seed_86.log
87,00000001,00000000,0,0,0,0,0,0,/workspace/results/safety/fuzz_seed_87.log
88,00000009,00000008,0,6,0,0,0,0,/workspace/results/safety/fuzz_seed_88.log
89,00000009,00000008,0,5,0,0,0,0,/workspace/results/safety/fuzz_seed_89.log
90,00000011,00000002,0,4,0,0,0,0,/workspace/results/safety/fuzz_seed_90.log
91,00000011,00000002,2,8,0,0,0,0,/workspace/results/safety/fuzz_seed_91.log
92,00000011,00000002,0,5,0,0,0,0,/workspace/results/safety/fuzz_seed_92.log
93,00000011,00000002,0,5,0,0,0,0,/workspace/results/safety/fuzz_seed_93.log
94,00000001,00000000,0,0,0,0,0,0,/workspace/results/safety/fuzz_seed_94.log
95,00000009,00000008,0,5,0,0,0,0,/workspace/results/safety/fuzz_seed_95.log
96,00000019,00010008,0,10,0,0,0,0,/workspace/results/safety/fuzz_seed_96.log
97,00000009,00000008,0,4,0,0,0,0,/workspace/results/safety/fuzz_seed_97.log
98,00000011,00000002,0,5,0,0,0,0,/workspace/results/safety/fuzz_seed_98.log
99,00000011,00000002,0,5,0,0,0,0,/workspace/results/safety/fuzz_seed_99.log
100,00000011,00000002,0,5,0,0,0,0,/workspace/results/safety/fuzz_seed_100.log
101,00000009,00000008,0,4,0,0,0,0,/workspace/results/safety/fuzz_seed_101.log
102,00000001,00000000,0,0,0,0,0,0,/workspace/results/safety/fuzz_seed_102.log
103,00000001,00000000,0,0,0,0,0,0,/workspace/results/safety/fuzz_seed_103.log
104,00000011,00000002,0,4,0,0,0,0,/workspace/results/safety/fuzz_seed_104.log
105,00000011,00000002,0,1,0,0,0,0,/workspace/results/safety/fuzz_seed_105.log
106,00000011,00000002,0,5,1,0,0,0,/workspace/results/safety/fuzz_seed_106.log
107,00000019,00010008,2,12,0,0,0,0,/workspace/results/safety/fuzz_seed_107.log
108,00000015,00000004,1,7,0,0,0,0,/workspace/results/safety/fuzz_seed_108.log
109,00000019,00010008,2,12,0,0,0,0,/workspace/results/safety/fuzz_seed_109.log
110,00000011,00000002,0,5,0,0,0,0,/workspace/results/safety/fuzz_seed_110.log
111,00000001,00000000,0,0,0,0,0,0,/workspace/results/safety/fuzz_seed_111.log
112,00000009,00000008,0,5,0,0,0,0,/workspace/results/safety/fuzz_seed_112.log
113,00000001,00000000,0,0,0,0,0,0,/workspace/results/safety/fuzz_seed_113.log
114,0000001d,00010088,0,15,0,0,0,0,/workspace/results/safety/fuzz_seed_114.log
115,00000009,00000008,0,5,0,0,0,0,/workspace/results/safety/fuzz_seed_115.log
116,00000011,00000002,0,6,0,0,0,0,/workspace/results/safety/fuzz_seed_116.log
117,00000001,00000000,0,0,0,0,0,0,/workspace/results/safety/fuzz_seed_117.log
118,00000001,00000000,0,0,0,0,0,0,/workspace/results/safety/fuzz_seed_118.log
119,00000001,00000000,0,0,0,0,0,0,/workspace/results/safety/fuzz_seed_119.log
120,00000001,00000000,0,0,0,0,0,0,/workspace/results/safety/fuzz_seed_120.log
121,00000019,00010008,1,12,0,0,0,0,/workspace/results/safety/fuzz_seed_121.log
122,00000011,00000002,0,5,0,0,0,0,/workspace/results/safety/fuzz_seed_122.log
123,0000000d,00020008,0,7,0,0,0,0,/workspace/results/safety/fuzz_seed_123.log
124,00000011,00000002,0,5,0,0,0,0,/workspace/results/safety/fuzz_seed_124.log
125,00000019,00010102,2,13,0,0,0,0,/workspace/results/safety/fuzz_seed_125.log
126,00000019,00010008,2,12,0,0,0,0,/workspace/results/safety/fuzz_seed_126.log
127,00000019,00010008,0,6,0,0,0,0,/workspace/results/safety/fuzz_seed_127.log
128,00000001,00000000,0,0,0,0,0,0,/workspace/results/safety/fuzz_seed_128.log
129,00000011,00000002,0,6,0,0,0,0,/workspace/results/safety/fuzz_seed_129.log
130,00000011,00000002,0,5,0,0,0,0,/workspace/results/safety/fuzz_seed_130.log
131,00000005,00000004,0,5,0,0,0,0,/workspace/results/safety/fuzz_seed_131.log
132,00000011,00000002,0,1,0,0,0,0,/workspace/results/safety/fuzz_seed_132.log
133,00000019,00010008,2,12,0,0,0,0,/workspace/results/safety/fuzz_seed_133.log
134,00000011,00000002,0,5,1,0,0,0,/workspace/results/safety/fuzz_seed_134.log
135,00000011,00000002,0,4,0,0,0,0,/workspace/results/safety/fuzz_seed_135.log
136,00000015,00000004,0,5,0,0,0,0,/workspace/results/safety/fuzz_seed_136.log
137,00000001,00000000,0,0,0,0,0,0,/workspace/results/safety/fuzz_seed_137.log
138,00000015,00000082,1,7,0,0,0,0,/workspace/results/safety/fuzz_seed_138.log
139,00000019,00010008,0,11,1,0,0,0,/workspace/results/safety/fuzz_seed_139.log
140,00000001,00000000,0,0,0,0,0,0,/workspace/results/safety/fuzz_seed_140.log
141,00000011,00000002,1,7,0,0,0,0,/workspace/results/safety/fuzz_seed_141.log
142,00000001,00000000,0,0,0,0,0,0,/workspace/results/safety/fuzz_seed_142.log
143,00000001,00000000,0,0,0,0,0,0,/workspace/results/safety/fuzz_seed_143.log
144,00000011,00000002,0,5,0,0,0,0,/workspace/results/safety/fuzz_seed_144.log
145,00000015,00000004,2,8,0,0,0,0,/workspace/results/safety/fuzz_seed_145.log
146,00000011,00000002,0,5,0,0,0,0,/workspace/results/safety/fuzz_seed_146.log
147,00000015,00000004,0,6,0,0,0,0,/workspace/results/safety/fuzz_seed_147.log
148,00000011,00000002,0,5,0,0,0,0,/workspace/results/safety/fuzz_seed_148.log
149,00000009,00000008,0,5,0,0,0,0,/workspace/results/safety/fuzz_seed_149.log
150,00000001,00000000,0,0,0,0,0,0,/workspace/results/safety/fuzz_seed_150.log
151,00000001,00000000,0,0,0,0,0,0,/workspace/results/safety/fuzz_seed_151.log
152,00000009,00000008,0,5,0,0,0,0,/workspace/results/safety/fuzz_seed_152.log
153,00000011,00000002,0,5,0,0,0,0,/workspace/results/safety/fuzz_seed_153.log
154,00000001,00000000,0,0,0,0,0,0,/workspace/results/safety/fuzz_seed_154.log
155,00000001,00000000,0,0,0,0,0,0,/workspace/results/safety/fuzz_seed_155.log
156,0000001d,00002082,0,14,0,0,0,0,/workspace/results/safety/fuzz_seed_156.log
157,00000001,00000000,0,0,0,0,0,0,/workspace/results/safety/fuzz_seed_157.log
158,00000019,00010008,0,11,0,0,0,0,/workspace/results/safety/fuzz_seed_158.log
159,00000015,00000082,1,12,0,0,0,0,/workspace/results/safety/fuzz_seed_159.log
160,00000001,00000000,0,0,0,0,0,0,/workspace/results/safety/fuzz_seed_160.log
161,00000001,00000000,0,0,0,0,0,0,/workspace/results/safety/fuzz_seed_161.log
162,00000011,00000002,0,6,0,0,0,0,/workspace/results/safety/fuzz_seed_162.log
163,00000009,00000008,1,7,0,0,0,0,/workspace/results/safety/fuzz_seed_163.log
164,00000011,00000002,0,5,0,0,0,0,/workspace/results/safety/fuzz_seed_164.log
165,00000001,00000000,0,0,0,0,0,0,/workspace/results/safety/fuzz_seed_165.log
166,00000001,00000000,0,0,0,0,0,0,/workspace/results/safety/fuzz_seed_166.log
167,00000019,00010008,0,10,0,0,0,0,/workspace/results/safety/fuzz_seed_167.log
168,00000001,00000000,0,0,0,0,0,0,/workspace/results/safety/fuzz_seed_168.log
169,00000001,00000000,0,0,0,0,0,0,/workspace/results/safety/fuzz_seed_169.log
170,00000009,00000008,2,7,0,0,0,0,/workspace/results/safety/fuzz_seed_170.log
171,00000001,00000000,0,0,0,0,0,0,/workspace/results/safety/fuzz_seed_171.log
172,00000011,00000002,2,7,1,0,0,0,/workspace/results/safety/fuzz_seed_172.log
173,00000001,00000000,0,0,0,0,0,0,/workspace/results/safety/fuzz_seed_173.log
174,00000011,00000002,0,6,0,0,0,0,/workspace/results/safety/fuzz_seed_174.log
175,00000011,00000002,0,5,0,0,0,0,/workspace/results/safety/fuzz_seed_175.log
176,00000011,00000002,0,6,0,0,0,0,/workspace/results/safety/fuzz_seed_176.log
177,00000019,00010008,0,9,0,0,0,0,/workspace/results/safety/fuzz_seed_177.log
178,00000019,00000102,0,10,0,0,0,0,/workspace/results/safety/fuzz_seed_178.log
179,00000001,00000000,0,0,0,0,0,0,/workspace/results/safety/fuzz_seed_179.log
180,00000001,00000000,0,0,0,0,0,0,/workspace/results/safety/fuzz_seed_180.log
181,00000001,00000000,0,0,0,0,0,0,/workspace/results/safety/fuzz_seed_181.log
182,00000001,00000000,0,0,0,0,0,0,/workspace/results/safety/fuzz_seed_182.log
183,00000011,00000002,0,5,0,0,0,0,/workspace/results/safety/fuzz_seed_183.log
184,00000015,00000004,1,7,0,0,0,0,/workspace/results/safety/fuzz_seed_184.log
185,00000001,00000000,0,0,0,0,0,0,/workspace/results/safety/fuzz_seed_185.log
186,00000011,00000002,0,5,0,0,0,0,/workspace/results/safety/fuzz_seed_186.log
187,00000015,00000004,0,5,0,0,0,0,/workspace/results/safety/fuzz_seed_187.log
188,00000009,00000008,1,7,0,0,0,0,/workspace/results/safety/fuzz_seed_188.log
189,00000001,00000000,0,0,0,0,0,0,/workspace/results/safety/fuzz_seed_189.log
190,00000001,00000000,0,0,0,0,0,0,/workspace/results/safety/fuzz_seed_190.log
191,00000009,00000008,0,6,0,0,0,0,/workspace/results/safety/fuzz_seed_191.log
192,00000001,00000000,0,0,0,0,0,0,/workspace/results/safety/fuzz_seed_192.log
193,00000009,00000008,0,5,0,0,0,0,/workspace/results/safety/fuzz_seed_193.log
194,00000015,00000004,0,5,0,0,0,0,/workspace/results/safety/fuzz_seed_194.log
195,00000009,00000008,0,6,0,0,0,0,/workspace/results/safety/fuzz_seed_195.log
196,00000005,00000004,0,5,0,0,0,0,/workspace/results/safety/fuzz_seed_196.log
197,00000001,00000000,0,0,0,0,0,0,/workspace/results/safety/fuzz_seed_197.log
198,00000001,00000000,0,0,0,0,0,0,/workspace/results/safety/fuzz_seed_198.log
199,00000001,00000000,0,0,0,0,0,0,/workspace/results/safety/fuzz_seed_199.log
200,00000019,00010008,0,11,0,0,0,0,/workspace/results/safety/fuzz_seed_200.log
201,00000011,00000002,0,5,0,0,0,0,/workspace/results/safety/fuzz_seed_201.log
202,00000001,00000000,0,0,0,0,0,0,/workspace/results/safety/fuzz_seed_202.log
203,00000009,00000008,0,5,0,0,0,0,/workspace/results/safety/fuzz_seed_203.log
204,00000001,00000000,0,0,0,0,0,0,/workspace/results/safety/fuzz_seed_204.log
205,00000019,00000102,0,9,0,0,0,0,/workspace/results/safety/fuzz_seed_205.log
206,00000009,00000008,0,5,0,0,0,0,/workspace/results/safety/fuzz_seed_206.log
207,00000009,00000008,0,5,0,0,0,0,/workspace/results/safety/fuzz_seed_207.log
208,00000001,00000000,0,0,0,0,0,0,/workspace/results/safety/fuzz_seed_208.log
209,00000011,00000002,0,5,0,0,0,0,/workspace/results/safety/fuzz_seed_209.log
210,00000001,00000000,0,0,0,0,0,0,/workspace/results/safety/fuzz_seed_210.log
211,00000011,00000002,0,5,0,0,0,0,/workspace/results/safety/fuzz_seed_211.log
212,00000019,00010102,0,10,0,0,0,0,/workspace/results/safety/fuzz_seed_212.log
213,00000001,00000000,0,0,0,0,0,0,/workspace/results/safety/fuzz_seed_213.log
214,00000001,00000000,0,0,0,0,0,0,/workspace/results/safety/fuzz_seed_214.log
215,00000019,00010008,0,10,0,0,0,0,/workspace/results/safety/fuzz_seed_215.log
216,00000015,00000004,0,5,0,0,0,0,/workspace/results/safety/fuzz_seed_216.log
217,00000015,00000004,0,5,0,0,0,0,/workspace/results/safety/fuzz_seed_217.log
218,00000009,00000008,0,3,0,0,0,0,/workspace/results/safety/fuzz_seed_218.log
219,0000000d,00002004,0,6,0,0,0,0,/workspace/results/safety/fuzz_seed_219.log
220,00000009,00000008,0,5,0,0,0,0,/workspace/results/safety/fuzz_seed_220.log
221,00000011,00000002,0,5,0,0,0,0,/workspace/results/safety/fuzz_seed_221.log
222,00000001,00000000,0,0,0,0,0,0,/workspace/results/safety/fuzz_seed_222.log
223,00000011,00000002,0,5,0,0,0,0,/workspace/results/safety/fuzz_seed_223.log
224,00000009,00000008,0,5,0,0,0,0,/workspace/results/safety/fuzz_seed_224.log
225,00000011,00000002,0,6,0,0,0,0,/workspace/results/safety/fuzz_seed_225.log
226,00000019,00000008,0,5,0,0,0,0,/workspace/results/safety/fuzz_seed_226.log
227,00000009,00000008,0,5,0,0,0,0,/workspace/results/safety/fuzz_seed_227.log
228,00000001,00000000,0,0,0,0,0,0,/workspace/results/safety/fuzz_seed_228.log
229,00000001,00000000,0,0,0,0,0,0,/workspace/results/safety/fuzz_seed_229.log
230,00000001,00000000,0,0,0,0,0,0,/workspace/results/safety/fuzz_seed_230.log
231,00000005,00000004,0,4,0,0,0,0,/workspace/results/safety/fuzz_seed_231.log
232,00000009,00000008,0,4,0,0,0,0,/workspace/results/safety/fuzz_seed_232.log
233,00000001,00000000,0,0,0,0,0,0,/workspace/results/safety/fuzz_seed_233.log
234,00000009,00000008,0,5,0,0,0,0,/workspace/results/safety/fuzz_seed_234.log
235,00000011,00000002,0,4,0,0,0,0,/workspace/results/safety/fuzz_seed_235.log
236,00000001,00000000,0,0,0,0,0,0,/workspace/results/safety/fuzz_seed_236.log
237,00000011,00000002,0,4,0,0,0,0,/workspace/results/safety/fuzz_seed_237.log
238,00000019,00010008,0,11,0,0,0,0,/workspace/results/safety/fuzz_seed_238.log
239,00000011,00000002,4,9,0,0,0,0,/workspace/results/safety/fuzz_seed_239.log
240,00000011,00000002,0,3,0,0,0,0,/workspace/results/safety/fuzz_seed_240.log
241,00000011,00000002,0,5,0,0,0,0,/workspace/results/safety/fuzz_seed_241.log
242,00000011,00000002,0,5,0,0,0,0,/workspace/results/safety/fuzz_seed_242.log
243,00000009,00000008,0,5,0,0,0,0,/workspace/results/safety/fuzz_seed_243.log
244,00000011,00000002,0,6,0,0,0,0,/workspace/results/safety/fuzz_seed_244.log
245,00000011,00000002,0,5,0,0,0,0,/workspace/results/safety/fuzz_seed_245.log
246,00000011,00000002,0,5,0,0,0,0,/workspace/results/safety/fuzz_seed_246.log
247,00000011,00000002,0,6,0,0,0,0,/workspace/results/safety/fuzz_seed_247.log
248,00000009,00000008,0,5,0,0,0,0,/workspace/results/safety/fuzz_seed_248.log
249,00000001,00000000,0,0,0,0,0,0,/workspace/results/safety/fuzz_seed_249.log
250,00000019,00010008,1,12,0,0,0,0,/workspace/results/safety/fuzz_seed_250.log
251,00000009,00000008,0,6,0,0,0,0,/workspace/results/safety/fuzz_seed_251.log
252,00000001,00000000,0,0,0,0,0,0,/workspace/results/safety/fuzz_seed_252.log
253,00000001,00000000,0,0,0,0,0,0,/workspace/results/safety/fuzz_seed_253.log
254,00000011,00000002,0,5,0,0,0,0,/workspace/results/safety/fuzz_seed_254.log
255,00000001,00000000,0,0,0,0,0,0,/workspace/results/safety/fuzz_seed_255.log
256,00000011,00000002,0,5,0,0,0,0,/workspace/results/safety/fuzz_seed_256.log
257,00000001,00000000,0,0,0,0,0,0,/workspace/results/safety/fuzz_seed_257.log
258,00000001,00000000,0,0,0,0,0,0,/workspace/results/safety/fuzz_seed_258.log
259,00000001,00000000,0,0,0,0,0,0,/workspace/results/safety/fuzz_seed_259.log
260,00000001,00000000,0,0,0,0,0,0,/workspace/results/safety/fuzz_seed_260.log
261,00000011,00000002,0,6,0,0,0,0,/workspace/results/safety/fuzz_seed_261.log
262,00000001,00000000,0,0,0,0,0,0,/workspace/results/safety/fuzz_seed_262.log
263,00000005,00000004,0,5,0,0,0,0,/workspace/results/safety/fuzz_seed_263.log
264,00000001,00000000,0,0,0,0,0,0,/workspace/results/safety/fuzz_seed_264.log
265,00000011,00000002,0,5,0,0,0,0,/workspace/results/safety/fuzz_seed_265.log
266,00000011,00000002,0,5,0,0,0,0,/workspace/results/safety/fuzz_seed_266.log
267,00000001,00000000,0,0,0,0,0,0,/workspace/results/safety/fuzz_seed_267.log
268,00000009,00000008,0,5,0,0,0,0,/workspace/results/safety/fuzz_seed_268.log
269,00000001,00000000,0,0,0,0,0,0,/workspace/results/safety/fuzz_seed_269.log
270,00000001,00000000,0,0,0,0,0,0,/workspace/results/safety/fuzz_seed_270.log
271,0000001d,00020008,0,11,0,0,0,0,/workspace/results/safety/fuzz_seed_271.log
272,00000011,00000002,0,3,0,0,0,0,/workspace/results/safety/fuzz_seed_272.log
273,00000011,00000002,0,5,0,0,0,0,/workspace/results/safety/fuzz_seed_273.log
274,00000005,00000004,0,5,0,0,0,0,/workspace/results/safety/fuzz_seed_274.log
275,00000011,00000002,0,5,0,0,0,0,/workspace/results/safety/fuzz_seed_275.log
276,00000019,00010008,1,12,0,0,0,0,/workspace/results/safety/fuzz_seed_276.log
277,00000009,00000008,0,5,0,0,0,0,/workspace/results/safety/fuzz_seed_277.log
278,00000015,00000082,0,7,0,0,0,0,/workspace/results/safety/fuzz_seed_278.log
279,00000011,00000002,0,5,0,0,0,0,/workspace/results/safety/fuzz_seed_279.log
280,00000005,00000004,0,3,0,0,0,0,/workspace/results/safety/fuzz_seed_280.log
281,00000011,00000002,0,4,0,0,0,0,/workspace/results/safety/fuzz_seed_281.log
282,00000001,00000000,0,0,0,0,0,0,/workspace/results/safety/fuzz_seed_282.log
283,0000001d,00002004,0,10,0,0,0,0,/workspace/results/safety/fuzz_seed_283.log
284,00000015,00000004,0,5,0,0,0,0,/workspace/results/safety/fuzz_seed_284.log
285,00000009,00000008,0,5,0,0,0,0,/workspace/results/safety/fuzz_seed_285.log
286,0000000d,00020008,1,10,0,0,0,0,/workspace/results/safety/fuzz_seed_286.log
287,00000011,00000002,0,5,0,0,0,0,/workspace/results/safety/fuzz_seed_287.log
288,00000019,00010008,0,10,0,0,0,0,/workspace/results/safety/fuzz_seed_288.log
289,00000011,00000002,0,5,0,0,0,0,/workspace/results/safety/fuzz_seed_289.log
290,00000015,00000004,2,7,0,0,0,0,/workspace/results/safety/fuzz_seed_290.log
291,00000015,00000004,2,8,0,0,0,0,/workspace/results/safety/fuzz_seed_291.log
292,00000011,00000002,0,5,0,0,0,0,/workspace/results/safety/fuzz_seed_292.log
293,00000011,00000002,2,7,0,0,0,0,/workspace/results/safety/fuzz_seed_293.log
294,00000001,00000000,0,0,0,0,0,0,/workspace/results/safety/fuzz_seed_294.log
295,00000001,00000000,0,0,0,0,0,0,/workspace/results/safety/fuzz_seed_295.log
296,00000015,00000004,0,5,0,0,0,0,/workspace/results/safety/fuzz_seed_296.log
297,00000001,00000000,0,0,0,0,0,0,/workspace/results/safety/fuzz_seed_297.log
298,00000009,00000008,0,5,0,0,0,0,/workspace/results/safety/fuzz_seed_298.log
299,00000001,00000000,0,0,0,0,0,0,/workspace/results/safety/fuzz_seed_299.log
300,00000001,00000000,0,0,0,0,0,0,/workspace/results/safety/fuzz_seed_300.log
301,00000001,00000000,0,0,0,0,0,0,/workspace/results/safety/fuzz_seed_301.log
302,00000001,00000000,0,0,0,0,0,0,/workspace/results/safety/fuzz_seed_302.log
303,00000009,00000008,0,5,0,0,0,0,/workspace/results/safety/fuzz_seed_303.log
304,00000009,00000008,0,5,0,0,0,0,/workspace/results/safety/fuzz_seed_304.log
305,00000001,00000000,0,0,0,0,0,0,/workspace/results/safety/fuzz_seed_305.log
306,00000011,00000002,0,4,0,0,0,0,/workspace/results/safety/fuzz_seed_306.log
307,00000011,00000002,0,5,0,0,0,0,/workspace/results/safety/fuzz_seed_307.log
308,00000011,00000002,0,5,0,0,0,0,/workspace/results/safety/fuzz_seed_308.log
309,00000015,00000004,0,5,0,0,0,0,/workspace/results/safety/fuzz_seed_309.log
310,00000009,00000008,0,5,0,0,0,0,/workspace/results/safety/fuzz_seed_310.log
311,00000001,00000000,0,0,0,0,0,0,/workspace/results/safety/fuzz_seed_311.log
312,00000015,00000082,0,10,0,0,0,0,/workspace/results/safety/fuzz_seed_312.log
313,00000001,00000000,0,0,0,0,0,0,/workspace/results/safety/fuzz_seed_313.log
314,00000015,00000004,1,7,0,0,0,0,/workspace/results/safety/fuzz_seed_314.log
315,00000001,00000000,0,0,0,0,0,0,/workspace/results/safety/fuzz_seed_315.log
316,00000009,00000008,0,5,0,0,0,0,/workspace/results/safety/fuzz_seed_316.log
317,00000001,00000000,0,0,0,0,0,0,/workspace/results/safety/fuzz_seed_317.log
318,00000019,00010102,1,17,0,0,0,0,/workspace/results/safety/fuzz_seed_318.log
319,00000019,00000102,0,11,0,0,0,0,/workspace/results/safety/fuzz_seed_319.log
320,00000011,00000002,0,5,0,0,0,0,/workspace/results/safety/fuzz_seed_320.log
321,00000001,00000000,0,0,0,0,0,0,/workspace/results/safety/fuzz_seed_321.log
322,00000001,00000000,0,0,0,0,0,0,/workspace/results/safety/fuzz_seed_322.log
323,00000011,00000002,0,5,0,0,0,0,/workspace/results/safety/fuzz_seed_323.log
324,00000011,00000002,0,5,0,0,0,0,/workspace/results/safety/fuzz_seed_324.log
325,00000019,00010008,0,11,0,0,0,0,/workspace/results/safety/fuzz_seed_325.log
326,00000009,00000008,0,5,0,0,0,0,/workspace/results/safety/fuzz_seed_326.log
327,00000019,00000008,0,5,0,0,0,0,/workspace/results/safety/fuzz_seed_327.log
328,00000009,00000008,0,5,0,0,0,0,/workspace/results/safety/fuzz_seed_328.log
329,00000001,00000000,0,0,0,0,0,0,/workspace/results/safety/fuzz_seed_329.log
330,00000019,00000102,0,10,0,0,0,0,/workspace/results/safety/fuzz_seed_330.log
331,00000001,00000000,0,0,0,0,0,0,/workspace/results/safety/fuzz_seed_331.log
332,00000009,00000008,0,6,0,0,0,0,/workspace/results/safety/fuzz_seed_332.log
333,00000009,00000008,0,5,0,0,0,0,/workspace/results/safety/fuzz_seed_333.log
334,00000011,00000002,0,2,0,0,0,0,/workspace/results/safety/fuzz_seed_334.log
335,00000001,00000000,0,0,0,0,0,0,/workspace/results/safety/fuzz_seed_335.log
336,00000011,00000002,0,5,0,0,0,0,/workspace/results/safety/fuzz_seed_336.log
337,00000001,00000000,0,0,0,0,0,0,/workspace/results/safety/fuzz_seed_337.log
338,00000015,00000004,0,5,0,0,0,0,/workspace/results/safety/fuzz_seed_338.log
339,00000001,00000000,0,0,0,0,0,0,/workspace/results/safety/fuzz_seed_339.log
340,0000001d,00020008,2,13,0,0,0,0,/workspace/results/safety/fuzz_seed_340.log
341,00000019,00010008,3,14,0,0,0,0,/workspace/results/safety/fuzz_seed_341.log
342,00000009,00000008,2,8,0,0,0,0,/workspace/results/safety/fuzz_seed_342.log
343,00000001,00000000,0,0,0,0,0,0,/workspace/results/safety/fuzz_seed_343.log
344,00000001,00000000,0,0,0,0,0,0,/workspace/results/safety/fuzz_seed_344.log
345,00000015,00000004,0,5,0,0,0,0,/workspace/results/safety/fuzz_seed_345.log
346,00000011,00000002,0,5,0,0,0,0,/workspace/results/safety/fuzz_seed_346.log
347,0000000d,00002004,0,10,0,0,0,0,/workspace/results/safety/fuzz_seed_347.log
348,00000001,00000000,0,0,0,0,0,0,/workspace/results/safety/fuzz_seed_348.log
349,00000011,00000002,0,5,0,0,0,0,/workspace/results/safety/fuzz_seed_349.log
350,00000011,00000002,0,5,0,0,0,0,/workspace/results/safety/fuzz_seed_350.log
351,00000019,00000102,0,10,1,0,0,0,/workspace/results/safety/fuzz_seed_351.log
352,00000001,00000000,0,0,0,0,0,0,/workspace/results/safety/fuzz_seed_352.log
353,00000015,00000004,0,5,0,0,0,0,/workspace/results/safety/fuzz_seed_353.log
354,00000001,00000000,0,0,0,0,0,0,/workspace/results/safety/fuzz_seed_354.log
355,00000011,00000002,0,5,0,0,0,0,/workspace/results/safety/fuzz_seed_355.log
356,00000019,00010008,3,15,0,0,0,0,/workspace/results/safety/fuzz_seed_356.log
357,00000001,00000000,0,0,0,0,0,0,/workspace/results/safety/fuzz_seed_357.log
358,00000001,00000000,0,0,0,0,0,0,/workspace/results/safety/fuzz_seed_358.log
359,00000011,00000002,2,7,0,0,0,0,/workspace/results/safety/fuzz_seed_359.log
360,00000009,00000008,0,5,0,0,0,0,/workspace/results/safety/fuzz_seed_360.log
361,00000011,00000002,0,5,0,0,0,0,/workspace/results/safety/fuzz_seed_361.log
362,00000001,00000000,0,0,0,0,0,0,/workspace/results/safety/fuzz_seed_362.log
363,00000009,00000008,0,5,0,0,0,0,/workspace/results/safety/fuzz_seed_363.log
364,00000019,00010008,0,10,1,0,0,0,/workspace/results/safety/fuzz_seed_364.log
365,00000011,00000002,0,5,0,0,0,0,/workspace/results/safety/fuzz_seed_365.log
366,00000009,00000008,0,5,0,0,0,0,/workspace/results/safety/fuzz_seed_366.log
367,00000011,00000002,0,5,0,0,0,0,/workspace/results/safety/fuzz_seed_367.log
368,00000009,00000008,0,5,0,0,0,0,/workspace/results/safety/fuzz_seed_368.log
369,00000015,00000004,0,5,0,0,0,0,/workspace/results/safety/fuzz_seed_369.log
370,00000011,00000002,0,5,0,0,0,0,/workspace/results/safety/fuzz_seed_370.log
371,00000019,00010108,4,21,0,0,0,0,/workspace/results/safety/fuzz_seed_371.log
372,00000001,00000000,0,0,0,0,0,0,/workspace/results/safety/fuzz_seed_372.log
373,00000009,00000008,0,5,0,0,0,0,/workspace/results/safety/fuzz_seed_373.log
374,00000011,00000002,0,5,0,0,0,0,/workspace/results/safety/fuzz_seed_374.log
375,00000011,00000002,0,4,0,0,0,0,/workspace/results/safety/fuzz_seed_375.log
376,00000001,00000000,0,0,0,0,0,0,/workspace/results/safety/fuzz_seed_376.log
377,00000001,00000000,0,0,0,0,0,0,/workspace/results/safety/fuzz_seed_377.log
378,00000009,00000008,0,5,0,0,0,0,/workspace/results/safety/fuzz_seed_378.log
379,00000001,00000000,0,0,0,0,0,0,/workspace/results/safety/fuzz_seed_379.log
380,00000011,00000002,0,5,1,0,0,0,/workspace/results/safety/fuzz_seed_380.log
381,00000001,00000000,0,0,0,0,0,0,/workspace/results/safety/fuzz_seed_381.log
382,00000009,00000008,0,5,0,0,0,0,/workspace/results/safety/fuzz_seed_382.log
383,00000011,00000002,2,7,0,0,0,0,/workspace/results/safety/fuzz_seed_383.log
384,00000001,00000000,0,0,0,0,0,0,/workspace/results/safety/fuzz_seed_384.log
385,00000011,00000002,0,6,0,0,0,0,/workspace/results/safety/fuzz_seed_385.log
386,00000019,00000102,0,10,0,0,0,0,/workspace/results/safety/fuzz_seed_386.log
387,00000009,00000008,0,5,0,0,0,0,/workspace/results/safety/fuzz_seed_387.log
388,00000019,00010108,2,14,0,0,0,0,/workspace/results/safety/fuzz_seed_388.log
389,00000011,00000002,0,6,0,0,0,0,/workspace/results/safety/fuzz_seed_389.log
390,00000011,00000002,0,5,0,0,0,0,/workspace/results/safety/fuzz_seed_390.log
391,00000011,00000002,0,5,0,0,0,0,/workspace/results/safety/fuzz_seed_391.log
392,00000019,00010008,0,9,0,0,0,0,/workspace/results/safety/fuzz_seed_392.log
393,00000011,00000002,1,7,0,0,0,0,/workspace/results/safety/fuzz_seed_393.log
394,00000001,00000000,0,0,0,0,0,0,/workspace/results/safety/fuzz_seed_394.log
395,00000019,00010008,0,10,0,0,0,0,/workspace/results/safety/fuzz_seed_395.log
396,00000009,00000008,0,5,0,0,0,0,/workspace/results/safety/fuzz_seed_396.log
397,00000019,00010008,2,12,0,0,0,0,/workspace/results/safety/fuzz_seed_397.log
398,00000015,00000082,0,5,0,0,0,0,/workspace/results/safety/fuzz_seed_398.log
399,00000019,00010008,0,11,1,0,0,0,/workspace/results/safety/fuzz_seed_399.log
400,00000001,00000000,0,0,0,0,0,0,/workspace/results/safety/fuzz_seed_400.log
401,00000001,00000000,0,0,0,0,0,0,/workspace/results/safety/fuzz_seed_401.log
402,00000001,00000000,0,0,0,0,0,0,/workspace/results/safety/fuzz_seed_402.log
403,00000019,00010008,0,10,1,0,0,0,/workspace/results/safety/fuzz_seed_403.log
404,00000011,00000002,0,4,0,0,0,0,/workspace/results/safety/fuzz_seed_404.log
405,00000011,00000002,0,3,0,0,0,0,/workspace/results/safety/fuzz_seed_405.log
406,00000009,00000008,0,3,0,0,0,0,/workspace/results/safety/fuzz_seed_406.log
407,00000009,00000008,0,5,0,0,0,0,/workspace/results/safety/fuzz_seed_407.log
408,00000001,00000000,0,0,0,0,0,0,/workspace/results/safety/fuzz_seed_408.log
409,00000011,00000002,0,5,0,0,0,0,/workspace/results/safety/fuzz_seed_409.log
410,00000001,00000000,0,0,0,0,0,0,/workspace/results/safety/fuzz_seed_410.log
411,00000009,00000008,0,5,0,0,0,0,/workspace/results/safety/fuzz_seed_411.log
412,00000015,00000004,2,8,0,0,0,0,/workspace/results/safety/fuzz_seed_412.log
413,00000009,00000008,0,5,0,0,0,0,/workspace/results/safety/fuzz_seed_413.log
414,00000001,00000000,0,0,0,0,0,0,/workspace/results/safety/fuzz_seed_414.log
415,00000015,00000004,2,7,0,0,0,0,/workspace/results/safety/fuzz_seed_415.log
416,00000001,00000000,0,0,0,0,0,0,/workspace/results/safety/fuzz_seed_416.log
417,00000015,00000004,2,8,0,0,0,0,/workspace/results/safety/fuzz_seed_417.log
418,00000009,00000008,0,5,0,0,0,0,/workspace/results/safety/fuzz_seed_418.log
419,00000001,00000000,0,0,0,0,0,0,/workspace/results/safety/fuzz_seed_419.log
420,00000011,00000002,0,5,0,0,0,0,/workspace/results/safety/fuzz_seed_420.log
421,00000011,00000002,0,5,0,0,0,0,/workspace/results/safety/fuzz_seed_421.log
422,00000001,00000000,0,0,0,0,0,0,/workspace/results/safety/fuzz_seed_422.log
423,00000019,00000102,0,10,0,0,0,0,/workspace/results/safety/fuzz_seed_423.log
424,00000009,00000008,0,3,0,0,0,0,/workspace/results/safety/fuzz_seed_424.log
425,00000001,00000000,0,0,0,0,0,0,/workspace/results/safety/fuzz_seed_425.log
426,00000001,00000000,0,0,0,0,0,0,/workspace/results/safety/fuzz_seed_426.log
427,00000009,00000008,0,5,0,0,0,0,/workspace/results/safety/fuzz_seed_427.log
428,00000001,00000000,0,0,0,0,0,0,/workspace/results/safety/fuzz_seed_428.log
429,00000001,00000000,0,0,0,0,0,0,/workspace/results/safety/fuzz_seed_429.log
430,00000011,00000002,2,7,0,0,0,0,/workspace/results/safety/fuzz_seed_430.log
431,00000001,00000000,0,0,0,0,0,0,/workspace/results/safety/fuzz_seed_431.log
432,00000009,00000008,0,5,0,0,0,0,/workspace/results/safety/fuzz_seed_432.log
433,00000001,00000000,0,0,0,0,0,0,/workspace/results/safety/fuzz_seed_433.log
434,00000011,00000002,0,5,0,0,0,0,/workspace/results/safety/fuzz_seed_434.log
435,00000001,00000000,0,0,0,0,0,0,/workspace/results/safety/fuzz_seed_435.log
436,00000011,00000002,0,5,1,0,0,0,/workspace/results/safety/fuzz_seed_436.log
437,00000009,00000008,0,5,0,0,0,0,/workspace/results/safety/fuzz_seed_437.log
438,0000000d,00020008,2,12,0,0,0,0,/workspace/results/safety/fuzz_seed_438.log
439,00000019,00000102,0,10,0,0,0,0,/workspace/results/safety/fuzz_seed_439.log
440,00000005,00000004,0,3,0,0,0,0,/workspace/results/safety/fuzz_seed_440.log
441,00000009,00000008,0,3,0,0,0,0,/workspace/results/safety/fuzz_seed_441.log
442,00000011,00000002,0,5,0,0,0,0,/workspace/results/safety/fuzz_seed_442.log
443,00000011,00000002,2,7,0,0,0,0,/workspace/results/safety/fuzz_seed_443.log
444,00000011,00000002,0,5,0,0,0,0,/workspace/results/safety/fuzz_seed_444.log
445,00000015,00000004,0,4,0,0,0,0,/workspace/results/safety/fuzz_seed_445.log
446,00000009,00000008,0,3,0,0,0,0,/workspace/results/safety/fuzz_seed_446.log
447,00000001,00000000,0,0,0,0,0,0,/workspace/results/safety/fuzz_seed_447.log
448,00000011,00000002,0,5,0,0,0,0,/workspace/results/safety/fuzz_seed_448.log
449,00000019,00010008,0,10,0,0,0,0,/workspace/results/safety/fuzz_seed_449.log
450,00000001,00000000,0,0,0,0,0,0,/workspace/results/safety/fuzz_seed_450.log
451,00000001,00000000,0,0,0,0,0,0,/workspace/results/safety/fuzz_seed_451.log
452,00000009,00000008,0,5,0,0,0,0,/workspace/results/safety/fuzz_seed_452.log
453,00000005,00000004,0,5,0,0,0,0,/workspace/results/safety/fuzz_seed_453.log
454,00000011,00000002,0,5,0,0,0,0,/workspace/results/safety/fuzz_seed_454.log
455,00000011,00000002,0,5,0,0,0,0,/workspace/results/safety/fuzz_seed_455.log
456,00000001,00000000,0,0,0,0,0,0,/workspace/results/safety/fuzz_seed_456.log
457,00000009,00000008,0,6,0,0,0,0,/workspace/results/safety/fuzz_seed_457.log
458,00000011,00000002,0,6,0,0,0,0,/workspace/results/safety/fuzz_seed_458.log
459,00000001,00000000,0,0,0,0,0,0,/workspace/results/safety/fuzz_seed_459.log
460,00000011,00000002,0,4,0,0,0,0,/workspace/results/safety/fuzz_seed_460.log
461,00000009,00000008,0,5,0,0,0,0,/workspace/results/safety/fuzz_seed_461.log
462,0000000d,00020008,1,12,0,0,0,0,/workspace/results/safety/fuzz_seed_462.log
463,00000011,00000002,0,5,0,0,0,0,/workspace/results/safety/fuzz_seed_463.log
464,00000001,00000000,0,0,0,0,0,0,/workspace/results/safety/fuzz_seed_464.log
465,00000015,00000004,0,5,0,0,0,0,/workspace/results/safety/fuzz_seed_465.log
466,00000001,00000000,0,0,0,0,0,0,/workspace/results/safety/fuzz_seed_466.log
467,00000019,00010008,0,10,0,0,0,0,/workspace/results/safety/fuzz_seed_467.log
468,00000011,00000002,0,5,0,0,0,0,/workspace/results/safety/fuzz_seed_468.log
469,00000001,00000000,0,0,0,0,0,0,/workspace/results/safety/fuzz_seed_469.log
470,00000011,00000002,0,5,0,0,0,0,/workspace/results/safety/fuzz_seed_470.log
471,00000001,00000000,0,0,0,0,0,0,/workspace/results/safety/fuzz_seed_471.log
472,00000019,00000102,0,10,0,0,0,0,/workspace/results/safety/fuzz_seed_472.log
473,00000001,00000000,0,0,0,0,0,0,/workspace/results/safety/fuzz_seed_473.log
474,00000001,00000000,0,0,0,0,0,0,/workspace/results/safety/fuzz_seed_474.log
475,00000001,00000000,0,0,0,0,0,0,/workspace/results/safety/fuzz_seed_475.log
476,00000011,00000002,0,5,0,0,0,0,/workspace/results/safety/fuzz_seed_476.log
477,00000011,00000002,0,5,0,0,0,0,/workspace/results/safety/fuzz_seed_477.log
478,00000001,00000000,0,0,0,0,0,0,/workspace/results/safety/fuzz_seed_478.log
479,00000001,00000000,0,0,0,0,0,0,/workspace/results/safety/fuzz_seed_479.log
480,00000001,00000000,0,0,0,0,0,0,/workspace/results/safety/fuzz_seed_480.log
481,00000011,00000002,2,7,1,0,0,0,/workspace/results/safety/fuzz_seed_481.log
482,00000011,00000002,2,7,0,0,0,0,/workspace/results/safety/fuzz_seed_482.log
483,00000011,00000002,0,4,0,0,0,0,/workspace/results/safety/fuzz_seed_483.log
484,00000001,00000000,0,0,0,0,0,0,/workspace/results/safety/fuzz_seed_484.log
485,00000001,00000000,0,0,0,0,0,0,/workspace/results/safety/fuzz_seed_485.log
486,00000011,00000002,0,5,0,0,0,0,/workspace/results/safety/fuzz_seed_486.log
487,0000000d,00002004,0,10,0,0,0,0,/workspace/results/safety/fuzz_seed_487.log
488,00000019,00000102,2,13,0,0,0,0,/workspace/results/safety/fuzz_seed_488.log
489,00000019,00010008,0,10,0,0,0,0,/workspace/results/safety/fuzz_seed_489.log
490,00000015,00000004,0,3,0,0,0,0,/workspace/results/safety/fuzz_seed_490.log
491,00000001,00000000,0,0,0,0,0,0,/workspace/results/safety/fuzz_seed_491.log
492,00000011,00000002,0,5,0,0,0,0,/workspace/results/safety/fuzz_seed_492.log
493,00000019,00010008,0,11,0,0,0,0,/workspace/results/safety/fuzz_seed_493.log
494,00000001,00000000,0,0,0,0,0,0,/workspace/results/safety/fuzz_seed_494.log
495,00000011,00000002,0,5,0,0,0,0,/workspace/results/safety/fuzz_seed_495.log
496,00000001,00000000,0,0,0,0,0,0,/workspace/results/safety/fuzz_seed_496.log
497,00000001,00000000,0,0,0,0,0,0,/workspace/results/safety/fuzz_seed_497.log
498,00000011,00000002,0,5,0,0,0,0,/workspace/results/safety/fuzz_seed_498.log
499,00000015,00000004,2,8,0,0,0,0,/workspace/results/safety/fuzz_seed_499.log
500,00000009,00000008,0,5,0,0,0,0,/workspace/results/safety/fuzz_seed_500.log
